{
  "k1_masked_patch": {
    "n_samples": 100,
    "k_steps": 1,
    "threshold": 0.8,
    "image_preprocess_ms": {
      "p50": 3.0094269995970535,
      "p95": 3.3873855998535873,
      "mean": 3.036755249995622,
      "std": 0.2314045880215484
    },
    "vision_encode_ms": {
      "p50": 7.9356469996128,
      "p95": 8.318400350253796,
      "mean": 7.883701429836947,
      "std": 0.7150477607592429
    },
    "text_encode_ms": {
      "p50": 10.590074999527133,
      "p95": 11.11999049962833,
      "mean": 10.665737860017543,
      "std": 0.5731410302060512
    },
    "fusion_predict_ms": {
      "p50": 3.956683999604138,
      "p95": 4.195453700231155,
      "mean": 3.9920400199844153,
      "std": 0.1253493963698395
    },
    "ttt_adaptation_ms": {
      "p50": 0.0,
      "p95": 18.752322650470887,
      "mean": 5.552290409996203,
      "std": 8.485349533783573
    },
    "total_ms": {
      "p50": 25.85610000005545,
      "p95": 44.99037424920971,
      "mean": 31.13052496983073,
      "std": 8.676436747409587
    },
    "ttt_trigger_rate": 0.3
  }
}